{"cameraMode":{"drawMode":0,"name":"Shaded","section":"Shading Mode"},"sceneLighting":false,"audioPlay":false,"sceneViewState":{"showFog":true,"showMaterialUpdate":false,"showSkybox":false,"showFlares":true,"showImageEffects":true,"showParticleSystems":true},"in2DMode":false,"pivot":{"x":415.6488037109375,"y":-0.5330047607421875,"z":494.0100402832031},"rotation":{"x":0.00040198530768975616,"y":0.9731276035308838,"z":-0.23041896522045136,"w":0.0014179040445014835},"size":3.8254787921905519,"orthographic":false}