{"cameraMode":{"drawMode":0,"name":"Shaded","section":"Shading Mode"},"sceneLighting":false,"audioPlay":false,"sceneViewState":{"showFog":true,"showMaterialUpdate":false,"showSkybox":false,"showFlares":true,"showImageEffects":true,"showParticleSystems":true},"in2DMode":false,"pivot":{"x":408.7138977050781,"y":2.4586501121520998,"z":497.391357421875},"rotation":{"x":-0.09270026534795761,"y":0.7659494876861572,"z":-0.11340664327144623,"w":-0.626013994216919},"size":2.36602520942688,"orthographic":false}