{"cameraMode":{"drawMode":0,"name":"Shaded","section":"Shading Mode"},"sceneLighting":false,"audioPlay":false,"sceneViewState":{"showFog":true,"showMaterialUpdate":false,"showSkybox":false,"showFlares":true,"showImageEffects":true,"showParticleSystems":true},"in2DMode":false,"pivot":{"x":415.802978515625,"y":1.10693359375,"z":496.0092468261719},"rotation":{"x":-0.007930206134915352,"y":-0.8091911673545837,"z":-0.01092480681836605,"w":0.5873920917510986},"size":2.1472623348236086,"orthographic":true}