{"cameraMode":{"drawMode":0,"name":"Shaded","section":"Shading Mode"},"sceneLighting":true,"audioPlay":false,"sceneViewState":{"showFog":true,"showMaterialUpdate":false,"showSkybox":true,"showFlares":true,"showImageEffects":true,"showParticleSystems":true},"in2DMode":false,"pivot":{"x":410.0010986328125,"y":1.0939929485321046,"z":528.4376220703125},"rotation":{"x":0.04900795593857765,"y":0.9466989040374756,"z":-0.26659905910491946,"w":0.17402735352516175},"size":1.4798977375030518,"orthographic":false}